Date,Product_ID,Base_Price,Current_Price,Day_Of_Week,Traffic_Views,Demand_Units
2025-11-26,1,193.52,214.61,2,536,41
2025-11-26,2,86.45,81.55,2,99,19
2025-11-26,3,304.55,339.92,2,358,25
2025-11-26,4,417.9,450.59,2,154,14
2025-11-26,5,159.08,160.16,2,265,23
2025-11-26,6,309.81,347.69,2,84,7
2025-11-26,7,233.47,242.82,2,553,43
2025-11-26,8,300.28,335.65,2,73,5
2025-11-26,9,41.88,45.87,2,649,49
2025-11-26,10,159.26,141.1,2,78,17
2025-11-26,11,69.8,70.19,2,328,46
2025-11-26,12,136.8,136.69,2,278,31
2025-11-26,13,277.89,287.02,2,133,6
2025-11-26,14,470.35,527.96,2,334,37
2025-11-26,15,53.36,61.14,2,102,11
2025-11-26,16,200.45,172.84,2,187,21
2025-11-26,17,147.66,148.19,2,213,35
2025-11-26,18,46.53,49.2,2,438,54
2025-11-26,19,12.71,12.1,2,255,60
2025-11-26,20,387.92,359.75,2,96,10
2025-11-27,1,193.52,216.58,3,662,50
2025-11-27,2,86.45,75.66,3,79,25
2025-11-27,3,304.55,259.7,3,221,69
2025-11-27,4,417.9,375.37,3,152,18
2025-11-27,5,159.08,145.92,3,346,26
2025-11-27,6,309.81,332.72,3,129,12
2025-11-27,7,233.47,238.86,3,400,32
2025-11-27,8,300.28,280.53,3,37,6
2025-11-27,9,41.88,47.26,3,442,59
2025-11-27,10,159.26,153.77,3,126,10
2025-11-27,11,69.8,77.7,3,338,27
2025-11-27,12,136.8,131.04,3,276,44
2025-11-27,13,277.89,308.49,3,188,14
2025-11-27,14,470.35,512.45,3,520,51
2025-11-27,15,53.36,59.6,3,115,7
2025-11-27,16,200.45,172.22,3,92,23
2025-11-27,17,147.66,131.14,3,300,48
2025-11-27,18,46.53,48.25,3,289,28
2025-11-27,19,12.71,12.86,3,474,45
2025-11-27,20,387.92,422.28,3,64,2
2025-11-28,1,193.52,220.38,4,638,47
2025-11-28,2,86.45,77.98,4,78,14
2025-11-28,3,304.55,324.15,4,427,42
2025-11-28,4,417.9,431.9,4,133,9
2025-11-28,5,159.08,171.38,4,147,16
2025-11-28,6,309.81,267.12,4,152,17
2025-11-28,7,233.47,205.31,4,399,53
2025-11-28,8,300.28,294.32,4,63,6
2025-11-28,9,41.88,43.87,4,316,39
2025-11-28,10,159.26,136.64,4,102,17
2025-11-28,11,69.8,67.46,4,311,34
2025-11-28,12,136.8,154.92,4,308,22
2025-11-28,13,277.89,244.61,4,69,10
2025-11-28,14,470.35,409.85,4,370,73
2025-11-28,15,53.36,58.4,4,108,6
2025-11-28,16,200.45,208.21,4,237,13
2025-11-28,17,147.66,158.76,4,384,26
2025-11-28,18,46.53,44.31,4,706,54
2025-11-28,19,12.71,13.66,4,523,42
2025-11-28,20,387.92,366.98,4,116,3
2025-11-29,1,193.52,183.03,5,900,87
2025-11-29,2,86.45,89.87,5,148,14
2025-11-29,3,304.55,320.31,5,600,57
2025-11-29,4,417.9,366.65,5,188,12
2025-11-29,5,159.08,156.29,5,516,32
2025-11-29,6,309.81,276.63,5,184,19
2025-11-29,7,233.47,204.34,5,629,55
2025-11-29,8,300.28,318.86,5,53,9
2025-11-29,9,41.88,45.36,5,656,65
2025-11-29,10,159.26,140.68,5,121,6
2025-11-29,11,69.8,61.79,5,407,61
2025-11-29,12,136.8,155.77,5,395,32
2025-11-29,13,277.89,254.85,5,253,12
2025-11-29,14,470.35,536.58,5,602,61
2025-11-29,15,53.36,52.63,5,202,18
2025-11-29,16,200.45,173.12,5,174,23
2025-11-29,17,147.66,137.8,5,263,49
2025-11-29,18,46.53,47.7,5,371,60
2025-11-29,19,12.71,11.98,5,712,67
2025-11-29,20,387.92,435.74,5,143,7
2025-11-30,1,193.52,186.35,6,814,69
2025-11-30,2,86.45,98.64,6,209,17
2025-11-30,3,304.55,296.76,6,370,70
2025-11-30,4,417.9,411.7,6,119,27
2025-11-30,5,159.08,146.13,6,435,41
2025-11-30,6,309.81,273.89,6,171,18
2025-11-30,7,233.47,234.89,6,708,53
2025-11-30,8,300.28,334.21,6,83,5
2025-11-30,9,41.88,37.31,6,319,70
2025-11-30,10,159.26,154.11,6,114,18
2025-11-30,11,69.8,70.09,6,455,39
2025-11-30,12,136.8,151.67,6,656,37
2025-11-30,13,277.89,274.48,6,256,19
2025-11-30,14,470.35,489.18,6,435,51
2025-11-30,15,53.36,47.41,6,117,16
2025-11-30,16,200.45,181.32,6,189,30
2025-11-30,17,147.66,155.08,6,257,32
2025-11-30,18,46.53,41.91,6,500,54
2025-11-30,19,12.71,11.26,6,520,60
2025-11-30,20,387.92,388.32,6,128,6
2025-12-01,1,193.52,180.57,0,624,59
2025-12-01,2,86.45,78.91,0,104,17
2025-12-01,3,304.55,292.57,0,354,54
2025-12-01,4,417.9,386.86,0,176,21
2025-12-01,5,159.08,160.61,0,173,25
2025-12-01,6,309.81,285.87,0,86,11
2025-12-01,7,233.47,221.01,0,286,42
2025-12-01,8,300.28,335.46,0,77,7
2025-12-01,9,41.88,37.2,0,373,54
2025-12-01,10,159.26,162.64,0,80,6
2025-12-01,11,69.8,63.24,0,214,29
2025-12-01,12,136.8,133.12,0,516,28
2025-12-01,13,277.89,317.03,0,181,18
2025-12-01,14,470.35,423.91,0,529,75
2025-12-01,15,53.36,54.51,0,107,15
2025-12-01,16,200.45,189.85,0,159,17
2025-12-01,17,147.66,130.6,0,326,39
2025-12-01,18,46.53,41.71,0,484,49
2025-12-01,19,12.71,12.08,0,264,44
2025-12-01,20,387.92,359.37,0,98,12
2025-12-02,1,193.52,207.52,1,513,54
2025-12-02,2,86.45,94.11,1,84,7
2025-12-02,3,304.55,333.29,1,429,35
2025-12-02,4,417.9,465.19,1,129,13
2025-12-02,5,159.08,153.21,1,275,25
2025-12-02,6,309.81,310.06,1,82,16
2025-12-02,7,233.47,236.52,1,567,42
2025-12-02,8,300.28,339.91,1,79,7
2025-12-02,9,41.88,39.51,1,357,61
2025-12-02,10,159.26,162.6,1,118,9
2025-12-02,11,69.8,74.45,1,332,29
2025-12-02,12,136.8,138.56,1,261,31
2025-12-02,13,277.89,311.94,1,144,13
2025-12-02,14,470.35,533.47,1,295,47
2025-12-02,15,53.36,55.15,1,71,12
2025-12-02,16,200.45,225.86,1,207,10
2025-12-02,17,147.66,152.39,1,271,41
2025-12-02,18,46.53,41.13,1,733,57
2025-12-02,19,12.71,14.31,1,571,40
2025-12-02,20,387.92,376.17,1,46,3
2025-12-03,1,193.52,187.61,2,495,64
2025-12-03,2,86.45,82.48,2,148,15
2025-12-03,3,304.55,300.2,2,236,38
2025-12-03,4,417.9,407.73,2,205,12
2025-12-03,5,159.08,165.39,2,146,27
2025-12-03,6,309.81,352.66,2,73,7
2025-12-03,7,233.47,261.35,2,284,26
2025-12-03,8,300.28,297.77,2,75,6
2025-12-03,9,41.88,37.54,2,325,54
2025-12-03,10,159.26,166.14,2,85,4
2025-12-03,11,69.8,63.98,2,199,42
2025-12-03,12,136.8,120.55,2,452,37
2025-12-03,13,277.89,256.06,2,79,12
2025-12-03,14,470.35,520.55,2,602,44
2025-12-03,15,53.36,48.64,2,109,22
2025-12-03,16,200.45,175.53,2,121,19
2025-12-03,17,147.66,165.05,2,387,23
2025-12-03,18,46.53,44.85,2,538,40
2025-12-03,19,12.71,12.36,2,438,46
2025-12-03,20,387.92,440.11,2,105,6
2025-12-04,1,193.52,180.09,3,497,56
2025-12-04,2,86.45,77.1,3,160,13
2025-12-04,3,304.55,260.54,3,521,53
2025-12-04,4,417.9,389.57,3,153,16
2025-12-04,5,159.08,145.07,3,146,38
2025-12-04,6,309.81,319.15,3,131,9
2025-12-04,7,233.47,234.8,3,220,33
2025-12-04,8,300.28,262.7,3,78,7
2025-12-04,9,41.88,43.93,3,685,57
2025-12-04,10,159.26,136.86,3,71,12
2025-12-04,11,69.8,69.72,3,299,29
2025-12-04,12,136.8,120.66,3,200,49
2025-12-04,13,277.89,293.59,3,124,11
2025-12-04,14,470.35,512.6,3,540,42
2025-12-04,15,53.36,51.14,3,81,21
2025-12-04,16,200.45,227.53,3,162,10
2025-12-04,17,147.66,164.18,3,362,31
2025-12-04,18,46.53,49.21,3,666,36
2025-12-04,19,12.71,11.64,3,620,65
2025-12-04,20,387.92,411.85,3,118,5
2025-12-05,1,193.52,218.16,4,702,58
2025-12-05,2,86.45,95.84,4,161,9
2025-12-05,3,304.55,262.25,4,404,56
2025-12-05,4,417.9,364.86,4,174,15
2025-12-05,5,159.08,138.34,4,233,34
2025-12-05,6,309.81,292.96,4,126,17
2025-12-05,7,233.47,214.77,4,211,57
2025-12-05,8,300.28,334.04,4,72,12
2025-12-05,9,41.88,44.86,4,352,41
2025-12-05,10,159.26,149.1,4,74,5
2025-12-05,11,69.8,73.56,4,195,19
2025-12-05,12,136.8,152.36,4,502,28
2025-12-05,13,277.89,250.13,4,198,17
2025-12-05,14,470.35,472.14,4,330,45
2025-12-05,15,53.36,48.34,4,176,14
2025-12-05,16,200.45,228.66,4,238,10
2025-12-05,17,147.66,159.1,4,351,22
2025-12-05,18,46.53,42.68,4,357,48
2025-12-05,19,12.71,13.01,4,246,53
2025-12-05,20,387.92,344.81,4,115,11
2025-12-06,1,193.52,177.28,5,735,56
2025-12-06,2,86.45,86.32,5,153,19
2025-12-06,3,304.55,290.64,5,564,65
2025-12-06,4,417.9,465.37,5,245,17
2025-12-06,5,159.08,167.68,5,416,36
2025-12-06,6,309.81,345.21,5,201,7
2025-12-06,7,233.47,250.53,5,346,52
2025-12-06,8,300.28,300.96,5,46,10
2025-12-06,9,41.88,47.69,5,522,53
2025-12-06,10,159.26,168.24,5,69,9
2025-12-06,11,69.8,60.74,5,383,54
2025-12-06,12,136.8,118.16,5,620,66
2025-12-06,13,277.89,299.42,5,90,18
2025-12-06,14,470.35,496.22,5,556,62
2025-12-06,15,53.36,47.98,5,232,24
2025-12-06,16,200.45,175.34,5,264,26
2025-12-06,17,147.66,167.63,5,249,31
2025-12-06,18,46.53,45.41,5,731,55
2025-12-06,19,12.71,14.55,5,492,62
2025-12-06,20,387.92,354.53,5,57,12
2025-12-07,1,193.52,214.68,6,604,80
2025-12-07,2,86.45,96.01,6,199,17
2025-12-07,3,304.55,270.86,6,255,91
2025-12-07,4,417.9,455.07,6,185,8
2025-12-07,5,159.08,167.93,6,346,26
2025-12-07,6,309.81,269.3,6,158,15
2025-12-07,7,233.47,220.19,6,500,57
2025-12-07,8,300.28,309.29,6,72,6
2025-12-07,9,41.88,47.99,6,398,64
2025-12-07,10,159.26,168.93,6,129,11
2025-12-07,11,69.8,66.67,6,189,34
2025-12-07,12,136.8,121.73,6,483,61
2025-12-07,13,277.89,252.89,6,115,13
2025-12-07,14,470.35,499.49,6,312,79
2025-12-07,15,53.36,54.02,6,217,20
2025-12-07,16,200.45,219.38,6,129,26
2025-12-07,17,147.66,161.71,6,364,38
2025-12-07,18,46.53,49.76,6,373,38
2025-12-07,19,12.71,11.41,6,743,62
2025-12-07,20,387.92,421.64,6,125,9
2025-12-08,1,193.52,166.28,0,362,57
2025-12-08,2,86.45,92.34,0,149,11
2025-12-08,3,304.55,292.76,0,548,50
2025-12-08,4,417.9,446.14,0,143,10
2025-12-08,5,159.08,163.49,0,404,20
2025-12-08,6,309.81,322.04,0,139,11
2025-12-08,7,233.47,234.51,0,346,42
2025-12-08,8,300.28,290.47,0,104,7
2025-12-08,9,41.88,36.52,0,319,58
2025-12-08,10,159.26,174.97,0,87,5
2025-12-08,11,69.8,74.75,0,317,26
2025-12-08,12,136.8,149.35,0,377,37
2025-12-08,13,277.89,245.54,0,102,8
2025-12-08,14,470.35,531.96,0,244,36
2025-12-08,15,53.36,60.31,0,112,5
2025-12-08,16,200.45,227.62,0,196,20
2025-12-08,17,147.66,148.35,0,290,35
2025-12-08,18,46.53,39.97,0,399,55
2025-12-08,19,12.71,13.37,0,612,33
2025-12-08,20,387.92,381.38,0,113,9
2025-12-09,1,193.52,218.54,1,568,47
2025-12-09,2,86.45,90.57,1,107,14
2025-12-09,3,304.55,318.97,1,552,37
2025-12-09,4,417.9,453.3,1,155,10
2025-12-09,5,159.08,167.08,1,374,28
2025-12-09,6,309.81,303.82,1,148,6
2025-12-09,7,233.47,198.86,1,332,54
2025-12-09,8,300.28,317.89,1,63,4
2025-12-09,9,41.88,43.17,1,557,55
2025-12-09,10,159.26,153.52,1,128,8
2025-12-09,11,69.8,75.35,1,358,34
2025-12-09,12,136.8,154.33,1,195,38
2025-12-09,13,277.89,244.66,1,131,13
2025-12-09,14,470.35,443.16,1,589,58
2025-12-09,15,53.36,55.13,1,168,9
2025-12-09,16,200.45,177.71,1,117,20
2025-12-09,17,147.66,148.77,1,355,24
2025-12-09,18,46.53,43.13,1,722,46
2025-12-09,19,12.71,12.9,1,226,47
2025-12-09,20,387.92,432.64,1,60,7
2025-12-10,1,193.52,180.45,2,631,52
2025-12-10,2,86.45,75.96,2,135,18
2025-12-10,3,304.55,274.21,2,455,66
2025-12-10,4,417.9,367.21,2,76,18
2025-12-10,5,159.08,161.31,2,209,24
2025-12-10,6,309.81,309.51,2,167,10
2025-12-10,7,233.47,248.72,2,480,27
2025-12-10,8,300.28,307.34,2,54,3
2025-12-10,9,41.88,39.66,2,346,52
2025-12-10,10,159.26,160.17,2,53,14
2025-12-10,11,69.8,71.1,2,397,24
2025-12-10,12,136.8,124.53,2,360,32
2025-12-10,13,277.89,299.24,2,112,16
2025-12-10,14,470.35,530.63,2,332,43
2025-12-10,15,53.36,61.25,2,197,10
2025-12-10,16,200.45,188.61,2,131,15
2025-12-10,17,147.66,167.01,2,310,22
2025-12-10,18,46.53,45.79,2,543,44
2025-12-10,19,12.71,12.69,2,622,54
2025-12-10,20,387.92,438.03,2,51,8
2025-12-11,1,193.52,174.57,3,570,52
2025-12-11,2,86.45,90.11,3,158,8
2025-12-11,3,304.55,343.17,3,363,34
2025-12-11,4,417.9,377.13,3,145,15
2025-12-11,5,159.08,152.76,3,162,42
2025-12-11,6,309.81,353.1,3,105,8
2025-12-11,7,233.47,202.75,3,516,54
2025-12-11,8,300.28,344.86,3,39,4
2025-12-11,9,41.88,39.4,3,286,60
2025-12-11,10,159.26,159.71,3,140,10
2025-12-11,11,69.8,68.0,3,362,38
2025-12-11,12,136.8,116.73,3,318,47
2025-12-11,13,277.89,257.86,3,167,10
2025-12-11,14,470.35,430.17,3,231,59
2025-12-11,15,53.36,54.13,3,131,17
2025-12-11,16,200.45,199.74,3,111,14
2025-12-11,17,147.66,146.6,3,257,32
2025-12-11,18,46.53,50.51,3,687,37
2025-12-11,19,12.71,12.47,3,314,54
2025-12-11,20,387.92,434.68,3,80,7
2025-12-12,1,193.52,207.31,4,483,50
2025-12-12,2,86.45,75.68,4,146,11
2025-12-12,3,304.55,259.97,4,536,70
2025-12-12,4,417.9,392.39,4,123,18
2025-12-12,5,159.08,144.06,4,192,22
2025-12-12,6,309.81,334.38,4,86,6
2025-12-12,7,233.47,212.86,4,250,52
2025-12-12,8,300.28,313.25,4,73,7
2025-12-12,9,41.88,45.79,4,551,41
2025-12-12,10,159.26,179.71,4,68,7
2025-12-12,11,69.8,77.9,4,312,21
2025-12-12,12,136.8,151.63,4,468,38
2025-12-12,13,277.89,299.15,4,127,18
2025-12-12,14,470.35,424.84,4,473,41
2025-12-12,15,53.36,47.47,4,169,21
2025-12-12,16,200.45,200.8,4,230,19
2025-12-12,17,147.66,151.66,4,296,28
2025-12-12,18,46.53,49.17,4,678,44
2025-12-12,19,12.71,11.41,4,400,40
2025-12-12,20,387.92,422.84,4,58,7
2025-12-13,1,193.52,208.68,5,332,66
2025-12-13,2,86.45,98.33,5,135,11
2025-12-13,3,304.55,286.79,5,659,65
2025-12-13,4,417.9,466.31,5,206,12
2025-12-13,5,159.08,168.41,5,187,33
2025-12-13,6,309.81,337.15,5,86,13
2025-12-13,7,233.47,243.44,5,296,50
2025-12-13,8,300.28,305.75,5,101,6
2025-12-13,9,41.88,39.79,5,796,77
2025-12-13,10,159.26,160.09,5,114,8
2025-12-13,11,69.8,68.42,5,208,37
2025-12-13,12,136.8,146.47,5,678,52
2025-12-13,13,277.89,271.32,5,196,24
2025-12-13,14,470.35,457.64,5,788,68
2025-12-13,15,53.36,54.77,5,122,14
2025-12-13,16,200.45,171.96,5,117,29
2025-12-13,17,147.66,148.46,5,305,55
2025-12-13,18,46.53,45.55,5,881,66
2025-12-13,19,12.71,13.86,5,519,53
2025-12-13,20,387.92,339.11,5,133,12
2025-12-14,1,193.52,206.85,6,786,51
2025-12-14,2,86.45,76.99,6,195,14
2025-12-14,3,304.55,284.65,6,365,61
2025-12-14,4,417.9,386.5,6,146,23
2025-12-14,5,159.08,172.28,6,210,30
2025-12-14,6,309.81,269.16,6,206,13
2025-12-14,7,233.47,227.25,6,444,67
2025-12-14,8,300.28,315.04,6,134,8
2025-12-14,9,41.88,38.08,6,660,73
2025-12-14,10,159.26,164.45,6,103,7
2025-12-14,11,69.8,64.05,6,266,59
2025-12-14,12,136.8,137.76,6,278,53
2025-12-14,13,277.89,241.85,6,209,21
2025-12-14,14,470.35,464.47,6,579,80
2025-12-14,15,53.36,52.76,6,163,19
2025-12-14,16,200.45,174.13,6,226,29
2025-12-14,17,147.66,127.81,6,491,52
2025-12-14,18,46.53,41.85,6,533,69
2025-12-14,19,12.71,11.58,6,746,76
2025-12-14,20,387.92,357.52,6,103,10
2025-12-15,1,193.52,195.77,0,476,39
2025-12-15,2,86.45,94.8,0,105,8
2025-12-15,3,304.55,285.1,0,476,53
2025-12-15,4,417.9,455.25,0,130,16
2025-12-15,5,159.08,142.76,0,342,37
2025-12-15,6,309.81,343.01,0,158,7
2025-12-15,7,233.47,229.29,0,449,48
2025-12-15,8,300.28,342.36,0,65,6
2025-12-15,9,41.88,35.75,0,505,59
2025-12-15,10,159.26,177.91,0,54,12
2025-12-15,11,69.8,66.35,0,183,40
2025-12-15,12,136.8,120.41,0,257,36
2025-12-15,13,277.89,273.75,0,166,17
2025-12-15,14,470.35,449.52,0,607,59
2025-12-15,15,53.36,56.18,0,114,13
2025-12-15,16,200.45,180.9,0,233,14
2025-12-15,17,147.66,137.88,0,336,42
2025-12-15,18,46.53,43.81,0,352,55
2025-12-15,19,12.71,13.81,0,485,37
2025-12-15,20,387.92,407.79,0,88,7
2025-12-16,1,193.52,189.03,1,258,46
2025-12-16,2,86.45,81.06,1,169,19
2025-12-16,3,304.55,260.51,1,539,70
2025-12-16,4,417.9,459.19,1,113,15
2025-12-16,5,159.08,168.8,1,297,16
2025-12-16,6,309.81,264.49,1,109,12
2025-12-16,7,233.47,219.27,1,322,51
2025-12-16,8,300.28,336.58,1,95,5
2025-12-16,9,41.88,45.58,1,255,60
2025-12-16,10,159.26,138.41,1,125,12
2025-12-16,11,69.8,61.29,1,384,47
2025-12-16,12,136.8,152.36,1,373,29
2025-12-16,13,277.89,262.63,1,124,19
2025-12-16,14,470.35,525.74,1,427,48
2025-12-16,15,53.36,54.83,1,166,9
2025-12-16,16,200.45,176.65,1,152,18
2025-12-16,17,147.66,167.62,1,323,29
2025-12-16,18,46.53,48.4,1,282,37
2025-12-16,19,12.71,12.6,1,227,37
2025-12-16,20,387.92,442.8,1,69,4
2025-12-17,1,193.52,194.49,2,241,30
2025-12-17,2,86.45,82.27,2,156,16
2025-12-17,3,304.55,285.68,2,527,49
2025-12-17,4,417.9,432.57,2,89,10
2025-12-17,5,159.08,176.94,2,284,16
2025-12-17,6,309.81,300.01,2,103,10
2025-12-17,7,233.47,248.47,2,446,32
2025-12-17,8,300.28,341.28,2,93,0
2025-12-17,9,41.88,43.59,2,262,47
2025-12-17,10,159.26,164.22,2,111,7
2025-12-17,11,69.8,61.01,2,233,58
2025-12-17,12,136.8,144.13,2,300,33
2025-12-17,13,277.89,289.23,2,188,17
2025-12-17,14,470.35,527.14,2,256,46
2025-12-17,15,53.36,45.54,2,127,16
2025-12-17,16,200.45,205.09,2,93,10
2025-12-17,17,147.66,140.71,2,361,39
2025-12-17,18,46.53,49.22,2,459,44
2025-12-17,19,12.71,11.97,2,537,47
2025-12-17,20,387.92,425.44,2,113,9
2025-12-18,1,193.52,189.49,3,307,61
2025-12-18,2,86.45,77.49,3,63,20
2025-12-18,3,304.55,289.98,3,210,47
2025-12-18,4,417.9,440.1,3,160,10
2025-12-18,5,159.08,182.37,3,272,24
2025-12-18,6,309.81,308.47,3,59,10
2025-12-18,7,233.47,200.62,3,358,47
2025-12-18,8,300.28,323.36,3,67,9
2025-12-18,9,41.88,47.67,3,424,47
2025-12-18,10,159.26,161.24,3,61,8
2025-12-18,11,69.8,66.5,3,210,33
2025-12-18,12,136.8,121.99,3,328,46
2025-12-18,13,277.89,269.7,3,198,20
2025-12-18,14,470.35,480.14,3,507,45
2025-12-18,15,53.36,45.99,3,134,19
2025-12-18,16,200.45,228.36,3,242,17
2025-12-18,17,147.66,164.05,3,185,31
2025-12-18,18,46.53,50.64,3,383,32
2025-12-18,19,12.71,14.54,3,410,47
2025-12-18,20,387.92,373.41,3,65,13
2025-12-19,1,193.52,170.84,4,646,55
2025-12-19,2,86.45,96.64,4,67,15
2025-12-19,3,304.55,305.5,4,415,55
2025-12-19,4,417.9,414.99,4,172,15
2025-12-19,5,159.08,141.63,4,228,29
2025-12-19,6,309.81,289.25,4,80,21
2025-12-19,7,233.47,268.34,4,474,36
2025-12-19,8,300.28,256.53,4,87,11
2025-12-19,9,41.88,40.71,4,432,40
2025-12-19,10,159.26,140.67,4,122,17
2025-12-19,11,69.8,79.33,4,278,20
2025-12-19,12,136.8,136.83,4,450,39
2025-12-19,13,277.89,242.28,4,120,13
2025-12-19,14,470.35,439.45,4,590,72
2025-12-19,15,53.36,59.86,4,113,13
2025-12-19,16,200.45,211.43,4,127,19
2025-12-19,17,147.66,148.55,4,189,37
2025-12-19,18,46.53,46.48,4,387,35
2025-12-19,19,12.71,11.01,4,520,49
2025-12-19,20,387.92,389.22,4,45,4
2025-12-20,1,193.52,178.83,5,770,65
2025-12-20,2,86.45,82.82,5,120,25
2025-12-20,3,304.55,330.94,5,667,45
2025-12-20,4,417.9,402.52,5,277,11
2025-12-20,5,159.08,158.78,5,330,36
2025-12-20,6,309.81,263.74,5,97,22
2025-12-20,7,233.47,266.12,5,661,54
2025-12-20,8,300.28,282.09,5,55,9
2025-12-20,9,41.88,40.24,5,342,78
2025-12-20,10,159.26,174.65,5,164,8
2025-12-20,11,69.8,69.22,5,489,36
2025-12-20,12,136.8,141.22,5,359,35
2025-12-20,13,277.89,297.78,5,141,20
2025-12-20,14,470.35,500.44,5,411,75
2025-12-20,15,53.36,51.24,5,100,12
2025-12-20,16,200.45,186.48,5,298,20
2025-12-20,17,147.66,131.02,5,349,56
2025-12-20,18,46.53,46.96,5,703,76
2025-12-20,19,12.71,13.38,5,440,62
2025-12-20,20,387.92,390.4,5,159,5
2025-12-21,1,193.52,165.52,6,492,83
2025-12-21,2,86.45,82.51,6,136,25
2025-12-21,3,304.55,340.96,6,614,49
2025-12-21,4,417.9,405.11,6,151,10
2025-12-21,5,159.08,146.99,6,366,44
2025-12-21,6,309.81,268.71,6,213,27
2025-12-21,7,233.47,267.89,6,547,56
2025-12-21,8,300.28,288.18,6,66,9
2025-12-21,9,41.88,38.86,6,524,87
2025-12-21,10,159.26,157.83,6,169,14
2025-12-21,11,69.8,62.41,6,180,57
2025-12-21,12,136.8,121.79,6,659,57
2025-12-21,13,277.89,277.94,6,204,11
2025-12-21,14,470.35,513.67,6,564,62
2025-12-21,15,53.36,46.06,6,119,23
2025-12-21,16,200.45,173.39,6,300,30
2025-12-21,17,147.66,168.06,6,266,33
2025-12-21,18,46.53,45.65,6,702,44
2025-12-21,19,12.71,14.54,6,374,57
2025-12-21,20,387.92,385.23,6,131,7
2025-12-22,1,193.52,165.02,0,409,72
2025-12-22,2,86.45,89.93,0,86,11
2025-12-22,3,304.55,325.46,0,219,36
2025-12-22,4,417.9,415.5,0,169,8
2025-12-22,5,159.08,154.2,0,406,32
2025-12-22,6,309.81,299.81,0,141,12
2025-12-22,7,233.47,253.61,0,302,35
2025-12-22,8,300.28,314.39,0,52,4
2025-12-22,9,41.88,36.08,0,255,50
2025-12-22,10,159.26,148.87,0,136,15
2025-12-22,11,69.8,63.23,0,226,48
2025-12-22,12,136.8,119.2,0,198,59
2025-12-22,13,277.89,270.34,0,174,19
2025-12-22,14,470.35,497.68,0,575,52
2025-12-22,15,53.36,59.38,0,143,5
2025-12-22,16,200.45,195.43,0,175,13
2025-12-22,17,147.66,138.97,0,214,55
2025-12-22,18,46.53,48.81,0,613,49
2025-12-22,19,12.71,11.95,0,344,53
2025-12-22,20,387.92,350.87,0,72,12
2025-12-23,1,193.52,219.78,1,259,39
2025-12-23,2,86.45,81.17,1,145,19
2025-12-23,3,304.55,305.81,1,371,41
2025-12-23,4,417.9,458.96,1,174,13
2025-12-23,5,159.08,179.17,1,341,18
2025-12-23,6,309.81,281.48,1,95,17
2025-12-23,7,233.47,249.38,1,428,48
2025-12-23,8,300.28,289.52,1,47,5
2025-12-23,9,41.88,44.43,1,701,50
2025-12-23,10,159.26,169.05,1,123,10
2025-12-23,11,69.8,77.45,1,179,22
2025-12-23,12,136.8,152.05,1,408,34
2025-12-23,13,277.89,288.3,1,142,12
2025-12-23,14,470.35,449.61,1,507,52
2025-12-23,15,53.36,51.83,1,78,17
2025-12-23,16,200.45,196.41,1,204,14
2025-12-23,17,147.66,142.07,1,424,38
2025-12-23,18,46.53,48.38,1,345,40
2025-12-23,19,12.71,11.19,1,324,47
2025-12-23,20,387.92,443.83,1,47,5
2025-12-24,1,193.52,205.4,2,440,43
2025-12-24,2,86.45,80.34,2,84,16
2025-12-24,3,304.55,285.13,2,426,39
2025-12-24,4,417.9,474.49,2,116,7
2025-12-24,5,159.08,167.48,2,345,26
2025-12-24,6,309.81,288.53,2,123,7
2025-12-24,7,233.47,264.62,2,498,39
2025-12-24,8,300.28,308.17,2,85,3
2025-12-24,9,41.88,38.77,2,453,74
2025-12-24,10,159.26,175.5,2,64,4
2025-12-24,11,69.8,61.27,2,340,55
2025-12-24,12,136.8,126.9,2,325,45
2025-12-24,13,277.89,285.35,2,148,16
2025-12-24,14,470.35,500.56,2,267,42
2025-12-24,15,53.36,57.18,2,70,8
2025-12-24,16,200.45,186.67,2,128,9
2025-12-24,17,147.66,157.97,2,325,31
2025-12-24,18,46.53,52.83,2,661,50
2025-12-24,19,12.71,11.56,2,465,56
2025-12-24,20,387.92,390.42,2,47,11
2025-12-25,1,193.52,205.45,3,443,45
2025-12-25,2,86.45,97.76,3,67,14
2025-12-25,3,304.55,299.42,3,192,41
2025-12-25,4,417.9,362.26,3,144,25
2025-12-25,5,159.08,171.7,3,260,25
2025-12-25,6,309.81,278.16,3,74,6
2025-12-25,7,233.47,244.98,3,557,43
2025-12-25,8,300.28,265.19,3,55,8
2025-12-25,9,41.88,47.07,3,692,46
2025-12-25,10,159.26,159.53,3,135,13
2025-12-25,11,69.8,73.43,3,185,31
2025-12-25,12,136.8,121.11,3,231,49
2025-12-25,13,277.89,249.66,3,77,21
2025-12-25,14,470.35,449.79,3,274,49
2025-12-25,15,53.36,55.09,3,103,5
2025-12-25,16,200.45,184.47,3,123,18
2025-12-25,17,147.66,144.51,3,306,38
2025-12-25,18,46.53,41.95,3,494,46
2025-12-25,19,12.71,13.21,3,430,34
2025-12-25,20,387.92,343.37,3,69,8
2025-12-26,1,193.52,210.52,4,271,45
2025-12-26,2,86.45,89.78,4,142,10
2025-12-26,3,304.55,324.96,4,381,44
2025-12-26,4,417.9,460.94,4,143,9
2025-12-26,5,159.08,156.75,4,195,26
2025-12-26,6,309.81,299.38,4,147,17
2025-12-26,7,233.47,203.14,4,555,52
2025-12-26,8,300.28,342.45,4,40,6
2025-12-26,9,41.88,39.63,4,343,52
2025-12-26,10,159.26,138.65,4,81,10
2025-12-26,11,69.8,73.08,4,329,31
2025-12-26,12,136.8,116.5,4,454,53
2025-12-26,13,277.89,241.75,4,168,17
2025-12-26,14,470.35,505.88,4,589,48
2025-12-26,15,53.36,56.1,4,154,14
2025-12-26,16,200.45,182.11,4,239,21
2025-12-26,17,147.66,154.49,4,408,31
2025-12-26,18,46.53,41.73,4,481,53
2025-12-26,19,12.71,11.57,4,339,45
2025-12-26,20,387.92,379.18,4,117,8
2025-12-27,1,193.52,204.69,5,474,76
2025-12-27,2,86.45,81.9,5,120,16
2025-12-27,3,304.55,278.85,5,524,65
2025-12-27,4,417.9,457.38,5,241,17
2025-12-27,5,159.08,139.43,5,445,40
2025-12-27,6,309.81,266.23,5,111,15
2025-12-27,7,233.47,201.18,5,611,68
2025-12-27,8,300.28,335.25,5,76,7
2025-12-27,9,41.88,48.14,5,512,70
2025-12-27,10,159.26,176.37,5,182,8
2025-12-27,11,69.8,67.94,5,223,50
2025-12-27,12,136.8,129.12,5,522,45
2025-12-27,13,277.89,299.93,5,194,22
2025-12-27,14,470.35,517.92,5,658,62
2025-12-27,15,53.36,59.2,5,195,16
2025-12-27,16,200.45,212.92,5,198,16
2025-12-27,17,147.66,166.63,5,546,30
2025-12-27,18,46.53,42.5,5,960,69
2025-12-27,19,12.71,13.06,5,299,56
2025-12-27,20,387.92,408.58,5,94,10
2025-12-28,1,193.52,205.43,6,593,65
2025-12-28,2,86.45,77.88,6,81,27
2025-12-28,3,304.55,322.79,6,641,50
2025-12-28,4,417.9,405.6,6,123,18
2025-12-28,5,159.08,179.19,6,402,29
2025-12-28,6,309.81,268.17,6,77,17
2025-12-28,7,233.47,240.96,6,724,59
2025-12-28,8,300.28,274.27,6,125,12
2025-12-28,9,41.88,39.81,6,351,58
2025-12-28,10,159.26,138.77,6,86,11
2025-12-28,11,69.8,64.95,6,213,41
2025-12-28,12,136.8,156.22,6,569,31
2025-12-28,13,277.89,263.4,6,138,16
2025-12-28,14,470.35,435.99,6,503,80
2025-12-28,15,53.36,48.73,6,235,15
2025-12-28,16,200.45,222.38,6,146,12
2025-12-28,17,147.66,138.91,6,406,56
2025-12-28,18,46.53,47.66,6,645,46
2025-12-28,19,12.71,11.84,6,535,50
2025-12-28,20,387.92,365.4,6,143,4
2025-12-29,1,193.52,191.11,0,585,52
2025-12-29,2,86.45,93.63,0,163,9
2025-12-29,3,304.55,335.62,0,549,43
2025-12-29,4,417.9,379.68,0,144,19
2025-12-29,5,159.08,158.28,0,382,24
2025-12-29,6,309.81,301.15,0,93,11
2025-12-29,7,233.47,207.28,0,280,68
2025-12-29,8,300.28,306.38,0,76,6
2025-12-29,9,41.88,42.77,0,326,48
2025-12-29,10,159.26,144.11,0,124,6
2025-12-29,11,69.8,76.03,0,236,17
2025-12-29,12,136.8,150.97,0,451,23
2025-12-29,13,277.89,254.59,0,95,21
2025-12-29,14,470.35,436.95,0,226,68
2025-12-29,15,53.36,55.4,0,172,8
2025-12-29,16,200.45,191.5,0,102,17
2025-12-29,17,147.66,127.28,0,232,39
2025-12-29,18,46.53,52.23,0,478,38
2025-12-29,19,12.71,11.39,0,411,50
2025-12-29,20,387.92,446.06,0,105,3
2025-12-30,1,193.52,176.37,1,401,55
2025-12-30,2,86.45,97.1,1,121,10
2025-12-30,3,304.55,262.05,1,387,62
2025-12-30,4,417.9,375.36,1,76,15
2025-12-30,5,159.08,137.58,1,350,25
2025-12-30,6,309.81,289.46,1,75,11
2025-12-30,7,233.47,225.92,1,504,35
2025-12-30,8,300.28,276.58,1,83,4
2025-12-30,9,41.88,45.98,1,488,57
2025-12-30,10,159.26,151.86,1,49,14
2025-12-30,11,69.8,74.32,1,329,24
2025-12-30,12,136.8,119.52,1,328,40
2025-12-30,13,277.89,305.78,1,191,10
2025-12-30,14,470.35,530.84,1,254,34
2025-12-30,15,53.36,54.89,1,89,12
2025-12-30,16,200.45,198.71,1,199,17
2025-12-30,17,147.66,161.72,1,369,16
2025-12-30,18,46.53,42.52,1,574,45
2025-12-30,19,12.71,14.17,1,581,51
2025-12-30,20,387.92,410.16,1,64,5
2025-12-31,1,193.52,207.16,2,492,42
2025-12-31,2,86.45,81.26,2,131,15
2025-12-31,3,304.55,269.52,2,385,71
2025-12-31,4,417.9,447.11,2,168,17
2025-12-31,5,159.08,162.26,2,331,33
2025-12-31,6,309.81,293.71,2,57,7
2025-12-31,7,233.47,230.95,2,249,29
2025-12-31,8,300.28,321.8,2,37,4
2025-12-31,9,41.88,39.32,2,686,54
2025-12-31,10,159.26,137.78,2,51,13
2025-12-31,11,69.8,64.07,2,303,34
2025-12-31,12,136.8,131.02,2,460,45
2025-12-31,13,277.89,265.45,2,114,19
2025-12-31,14,470.35,429.3,2,264,59
2025-12-31,15,53.36,58.82,2,99,9
2025-12-31,16,200.45,219.91,2,152,14
2025-12-31,17,147.66,166.82,2,182,35
2025-12-31,18,46.53,46.97,2,263,43
2025-12-31,19,12.71,11.41,2,482,56
2025-12-31,20,387.92,378.34,2,51,10
2026-01-01,1,193.52,179.32,3,289,51
2026-01-01,2,86.45,91.01,3,139,6
2026-01-01,3,304.55,275.47,3,242,64
2026-01-01,4,417.9,407.76,3,97,18
2026-01-01,5,159.08,146.26,3,286,32
2026-01-01,6,309.81,300.81,3,141,12
2026-01-01,7,233.47,228.46,3,496,49
2026-01-01,8,300.28,330.28,3,73,8
2026-01-01,9,41.88,42.79,3,393,34
2026-01-01,10,159.26,135.68,3,138,20
2026-01-01,11,69.8,74.58,3,230,30
2026-01-01,12,136.8,155.14,3,313,32
2026-01-01,13,277.89,318.77,3,70,15
2026-01-01,14,470.35,496.89,3,280,63
2026-01-01,15,53.36,55.33,3,99,10
2026-01-01,16,200.45,195.47,3,113,12
2026-01-01,17,147.66,159.05,3,411,19
2026-01-01,18,46.53,40.95,3,255,52
2026-01-01,19,12.71,11.42,3,305,45
2026-01-01,20,387.92,437.55,3,76,1
2026-01-02,1,193.52,197.82,4,426,44
2026-01-02,2,86.45,88.74,4,107,10
2026-01-02,3,304.55,283.67,4,517,49
2026-01-02,4,417.9,361.55,4,134,14
2026-01-02,5,159.08,174.22,4,409,15
2026-01-02,6,309.81,294.7,4,154,6
2026-01-02,7,233.47,251.16,4,222,35
2026-01-02,8,300.28,285.37,4,63,6
2026-01-02,9,41.88,38.96,4,410,54
2026-01-02,10,159.26,138.08,4,50,10
2026-01-02,11,69.8,63.38,4,311,50
2026-01-02,12,136.8,125.72,4,317,36
2026-01-02,13,277.89,305.07,4,156,18
2026-01-02,14,470.35,421.86,4,560,58
2026-01-02,15,53.36,49.69,4,80,19
2026-01-02,16,200.45,205.13,4,235,13
2026-01-02,17,147.66,152.95,4,268,29
2026-01-02,18,46.53,47.43,4,667,46
2026-01-02,19,12.71,12.92,4,533,38
2026-01-02,20,387.92,359.18,4,113,10
2026-01-03,1,193.52,189.41,5,481,73
2026-01-03,2,86.45,91.44,5,114,17
2026-01-03,3,304.55,278.85,5,268,60
2026-01-03,4,417.9,461.71,5,103,16
2026-01-03,5,159.08,158.05,5,531,31
2026-01-03,6,309.81,264.61,5,85,15
2026-01-03,7,233.47,242.68,5,485,50
2026-01-03,8,300.28,281.9,5,107,7
2026-01-03,9,41.88,43.14,5,521,82
2026-01-03,10,159.26,142.22,5,148,11
2026-01-03,11,69.8,73.94,5,496,41
2026-01-03,12,136.8,144.17,5,654,37
2026-01-03,13,277.89,258.88,5,124,22
2026-01-03,14,470.35,483.54,5,303,72
2026-01-03,15,53.36,56.0,5,189,13
2026-01-03,16,200.45,176.06,5,297,32
2026-01-03,17,147.66,130.09,5,345,62
2026-01-03,18,46.53,41.2,5,321,69
2026-01-03,19,12.71,11.77,5,278,65
2026-01-03,20,387.92,441.18,5,115,6
2026-01-04,1,193.52,170.01,6,506,60
2026-01-04,2,86.45,99.09,6,147,13
2026-01-04,3,304.55,349.82,6,518,47
2026-01-04,4,417.9,393.54,6,170,21
2026-01-04,5,159.08,150.26,6,235,40
2026-01-04,6,309.81,317.1,6,174,15
2026-01-04,7,233.47,259.59,6,524,47
2026-01-04,8,300.28,272.05,6,48,8
2026-01-04,9,41.88,42.95,6,645,55
2026-01-04,10,159.26,140.41,6,132,14
2026-01-04,11,69.8,72.68,6,468,41
2026-01-04,12,136.8,128.91,6,504,62
2026-01-04,13,277.89,284.82,6,213,17
2026-01-04,14,470.35,465.58,6,406,75
2026-01-04,15,53.36,51.1,6,253,10
2026-01-04,16,200.45,212.61,6,186,22
2026-01-04,17,147.66,159.01,6,364,35
2026-01-04,18,46.53,43.05,6,398,58
2026-01-04,19,12.71,12.09,6,545,53
2026-01-04,20,387.92,445.85,6,103,7
2026-01-05,1,193.52,202.13,0,268,39
2026-01-05,2,86.45,89.09,0,130,12
2026-01-05,3,304.55,270.45,0,328,50
2026-01-05,4,417.9,381.39,0,81,16
2026-01-05,5,159.08,176.83,0,308,20
2026-01-05,6,309.81,313.55,0,65,9
2026-01-05,7,233.47,208.5,0,262,50
2026-01-05,8,300.28,262.5,0,102,10
2026-01-05,9,41.88,46.59,0,701,43
2026-01-05,10,159.26,137.3,0,85,11
2026-01-05,11,69.8,78.93,0,319,23
2026-01-05,12,136.8,155.29,0,181,33
2026-01-05,13,277.89,247.22,0,125,17
2026-01-05,14,470.35,407.5,0,497,76
2026-01-05,15,53.36,48.82,0,130,20
2026-01-05,16,200.45,191.62,0,223,17
2026-01-05,17,147.66,153.48,0,377,32
2026-01-05,18,46.53,52.92,0,514,40
2026-01-05,19,12.71,13.18,0,446,37
2026-01-05,20,387.92,400.07,0,105,5
2026-01-06,1,193.52,175.21,1,335,53
2026-01-06,2,86.45,83.8,1,121,15
2026-01-06,3,304.55,335.53,1,237,35
2026-01-06,4,417.9,364.13,1,156,18
2026-01-06,5,159.08,161.84,1,417,14
2026-01-06,6,309.81,267.43,1,77,15
2026-01-06,7,233.47,201.65,1,583,64
2026-01-06,8,300.28,262.19,1,47,6
2026-01-06,9,41.88,47.52,1,306,47
2026-01-06,10,159.26,139.04,1,47,12
2026-01-06,11,69.8,67.93,1,270,32
2026-01-06,12,136.8,130.05,1,235,40
2026-01-06,13,277.89,262.5,1,118,12
2026-01-06,14,470.35,425.06,1,587,64
2026-01-06,15,53.36,52.96,1,196,6
2026-01-06,16,200.45,191.43,1,220,22
2026-01-06,17,147.66,135.46,1,264,33
2026-01-06,18,46.53,44.22,1,608,44
2026-01-06,19,12.71,13.97,1,543,49
2026-01-06,20,387.92,410.27,1,53,8
2026-01-07,1,193.52,173.71,2,692,52
2026-01-07,2,86.45,86.03,2,110,12
2026-01-07,3,304.55,311.45,2,243,41
2026-01-07,4,417.9,426.71,2,103,15
2026-01-07,5,159.08,152.15,2,366,29
2026-01-07,6,309.81,327.93,2,120,10
2026-01-07,7,233.47,233.21,2,316,45
2026-01-07,8,300.28,307.92,2,102,5
2026-01-07,9,41.88,42.14,2,666,46
2026-01-07,10,159.26,176.54,2,101,10
2026-01-07,11,69.8,65.75,2,287,38
2026-01-07,12,136.8,141.54,2,202,23
2026-01-07,13,277.89,279.4,2,95,12
2026-01-07,14,470.35,514.36,2,232,50
2026-01-07,15,53.36,58.14,2,197,15
2026-01-07,16,200.45,204.34,2,200,7
2026-01-07,17,147.66,165.26,2,222,21
2026-01-07,18,46.53,51.54,2,494,43
2026-01-07,19,12.71,13.69,2,525,38
2026-01-07,20,387.92,354.14,2,123,12
2026-01-08,1,193.52,193.78,3,388,48
2026-01-08,2,86.45,92.81,3,88,11
2026-01-08,3,304.55,277.01,3,473,67
2026-01-08,4,417.9,449.4,3,203,15
2026-01-08,5,159.08,180.85,3,250,19
2026-01-08,6,309.81,308.52,3,68,8
2026-01-08,7,233.47,255.11,3,554,30
2026-01-08,8,300.28,332.46,3,89,7
2026-01-08,9,41.88,37.1,3,387,53
2026-01-08,10,159.26,171.29,3,123,10
2026-01-08,11,69.8,74.35,3,266,33
2026-01-08,12,136.8,123.19,3,465,44
2026-01-08,13,277.89,296.26,3,134,15
2026-01-08,14,470.35,516.74,3,601,51
2026-01-08,15,53.36,58.79,3,161,12
2026-01-08,16,200.45,223.26,3,210,9
2026-01-08,17,147.66,164.77,3,160,28
2026-01-08,18,46.53,43.02,3,712,43
2026-01-08,19,12.71,12.3,3,266,44
2026-01-08,20,387.92,390.31,3,78,6
2026-01-09,1,193.52,203.0,4,523,45
2026-01-09,2,86.45,93.84,4,83,15
2026-01-09,3,304.55,297.14,4,353,41
2026-01-09,4,417.9,419.51,4,119,12
2026-01-09,5,159.08,151.68,4,158,23
2026-01-09,6,309.81,283.75,4,56,15
2026-01-09,7,233.47,206.88,4,228,51
2026-01-09,8,300.28,301.4,4,60,4
2026-01-09,9,41.88,48.09,4,349,34
2026-01-09,10,159.26,137.23,4,83,14
2026-01-09,11,69.8,68.63,4,320,33
2026-01-09,12,136.8,151.82,4,177,34
2026-01-09,13,277.89,318.64,4,130,11
2026-01-09,14,470.35,539.8,4,614,34
2026-01-09,15,53.36,50.89,4,70,13
2026-01-09,16,200.45,219.63,4,144,19
2026-01-09,17,147.66,139.14,4,218,32
2026-01-09,18,46.53,42.16,4,521,43
2026-01-09,19,12.71,12.24,4,573,58
2026-01-09,20,387.92,368.16,4,50,5
2026-01-10,1,193.52,209.96,5,386,62
2026-01-10,2,86.45,75.31,5,220,20
2026-01-10,3,304.55,308.62,5,276,73
2026-01-10,4,417.9,462.99,5,126,18
2026-01-10,5,159.08,159.64,5,472,28
2026-01-10,6,309.81,290.19,5,128,14
2026-01-10,7,233.47,209.65,5,624,57
2026-01-10,8,300.28,300.58,5,119,7
2026-01-10,9,41.88,39.04,5,902,92
2026-01-10,10,159.26,137.43,5,82,13
2026-01-10,11,69.8,62.29,5,448,52
2026-01-10,12,136.8,130.34,5,510,43
2026-01-10,13,277.89,314.41,5,245,24
2026-01-10,14,470.35,513.85,5,334,57
2026-01-10,15,53.36,55.53,5,153,10
2026-01-10,16,200.45,219.36,5,197,14
2026-01-10,17,147.66,136.03,5,305,54
2026-01-10,18,46.53,49.27,5,554,61
2026-01-10,19,12.71,12.59,5,705,52
2026-01-10,20,387.92,432.57,5,91,4
2026-01-11,1,193.52,199.9,6,460,60
2026-01-11,2,86.45,77.3,6,124,17
2026-01-11,3,304.55,343.47,6,317,61
2026-01-11,4,417.9,448.18,6,198,20
2026-01-11,5,159.08,160.73,6,258,30
2026-01-11,6,309.81,333.96,6,122,4
2026-01-11,7,233.47,231.03,6,381,52
2026-01-11,8,300.28,341.86,6,87,13
2026-01-11,9,41.88,45.71,6,834,64
2026-01-11,10,159.26,154.57,6,143,12
2026-01-11,11,69.8,66.8,6,402,39
2026-01-11,12,136.8,138.68,6,318,40
2026-01-11,13,277.89,276.44,6,123,30
2026-01-11,14,470.35,466.84,6,822,70
2026-01-11,15,53.36,49.39,6,170,14
2026-01-11,16,200.45,170.44,6,120,25
2026-01-11,17,147.66,157.76,6,420,41
2026-01-11,18,46.53,53.17,6,689,46
2026-01-11,19,12.71,11.06,6,757,57
2026-01-11,20,387.92,424.67,6,118,9
2026-01-12,1,193.52,174.1,0,576,56
2026-01-12,2,86.45,78.58,0,85,18
2026-01-12,3,304.55,319.8,0,344,53
2026-01-12,4,417.9,471.83,0,149,8
2026-01-12,5,159.08,153.34,0,319,37
2026-01-12,6,309.81,318.33,0,78,12
2026-01-12,7,233.47,240.65,0,399,39
2026-01-12,8,300.28,302.02,0,49,5
2026-01-12,9,41.88,39.07,0,504,52
2026-01-12,10,159.26,179.45,0,94,6
2026-01-12,11,69.8,70.9,0,338,30
2026-01-12,12,136.8,156.19,0,354,29
2026-01-12,13,277.89,276.51,0,123,8
2026-01-12,14,470.35,517.97,0,334,40
2026-01-12,15,53.36,57.66,0,77,11
2026-01-12,16,200.45,172.58,0,95,23
2026-01-12,17,147.66,127.51,0,275,54
2026-01-12,18,46.53,45.44,0,266,43
2026-01-12,19,12.71,12.98,0,347,41
2026-01-12,20,387.92,372.42,0,49,14
2026-01-13,1,193.52,192.69,1,675,52
2026-01-13,2,86.45,79.96,1,101,22
2026-01-13,3,304.55,305.89,1,221,41
2026-01-13,4,417.9,365.21,1,172,25
2026-01-13,5,159.08,141.24,1,309,37
2026-01-13,6,309.81,345.11,1,129,9
2026-01-13,7,233.47,251.44,1,392,29
2026-01-13,8,300.28,258.87,1,58,5
2026-01-13,9,41.88,45.26,1,441,53
2026-01-13,10,159.26,137.02,1,88,5
2026-01-13,11,69.8,78.45,1,242,29
2026-01-13,12,136.8,154.67,1,435,39
2026-01-13,13,277.89,266.5,1,191,12
2026-01-13,14,470.35,498.69,1,572,62
2026-01-13,15,53.36,58.13,1,171,4
2026-01-13,16,200.45,187.39,1,138,16
2026-01-13,17,147.66,144.76,1,402,29
2026-01-13,18,46.53,50.11,1,441,42
2026-01-13,19,12.71,13.63,1,303,29
2026-01-13,20,387.92,384.93,1,55,5
2026-01-14,1,193.52,199.2,2,556,46
2026-01-14,2,86.45,84.13,2,120,17
2026-01-14,3,304.55,292.51,2,545,47
2026-01-14,4,417.9,469.29,2,177,12
2026-01-14,5,159.08,155.13,2,394,22
2026-01-14,6,309.81,315.17,2,62,8
2026-01-14,7,233.47,258.54,2,324,27
2026-01-14,8,300.28,282.07,2,90,7
2026-01-14,9,41.88,37.84,2,663,56
2026-01-14,10,159.26,182.37,2,51,4
2026-01-14,11,69.8,59.79,2,347,37
2026-01-14,12,136.8,141.15,2,323,42
2026-01-14,13,277.89,280.85,2,130,13
2026-01-14,14,470.35,525.94,2,378,48
2026-01-14,15,53.36,60.76,2,139,9
2026-01-14,16,200.45,205.18,2,100,11
2026-01-14,17,147.66,148.12,2,223,29
2026-01-14,18,46.53,43.78,2,724,60
2026-01-14,19,12.71,12.98,2,587,59
2026-01-14,20,387.92,348.52,2,121,7
2026-01-15,1,193.52,195.74,3,493,47
2026-01-15,2,86.45,98.83,3,162,10
2026-01-15,3,304.55,279.63,3,384,58
2026-01-15,4,417.9,479.36,3,161,12
2026-01-15,5,159.08,145.93,3,287,26
2026-01-15,6,309.81,323.59,3,114,12
2026-01-15,7,233.47,259.18,3,300,28
2026-01-15,8,300.28,335.92,3,103,6
2026-01-15,9,41.88,36.21,3,422,55
2026-01-15,10,159.26,158.83,3,77,11
2026-01-15,11,69.8,73.5,3,153,29
2026-01-15,12,136.8,124.94,3,467,41
2026-01-15,13,277.89,247.36,3,193,9
2026-01-15,14,470.35,448.88,3,507,57
2026-01-15,15,53.36,50.0,3,102,11
2026-01-15,16,200.45,212.72,3,123,14
2026-01-15,17,147.66,168.76,3,427,29
2026-01-15,18,46.53,40.5,3,403,44
2026-01-15,19,12.71,13.76,3,566,49
2026-01-15,20,387.92,409.71,3,67,2
2026-01-16,1,193.52,188.25,4,396,55
2026-01-16,2,86.45,81.37,4,157,13
2026-01-16,3,304.55,325.29,4,439,40
2026-01-16,4,417.9,469.94,4,95,11
2026-01-16,5,159.08,158.7,4,231,21
2026-01-16,6,309.81,293.34,4,85,11
2026-01-16,7,233.47,263.43,4,551,35
2026-01-16,8,300.28,325.14,4,92,8
2026-01-16,9,41.88,43.62,4,277,51
2026-01-16,10,159.26,161.43,4,59,8
2026-01-16,11,69.8,72.93,4,373,34
2026-01-16,12,136.8,119.37,4,213,30
2026-01-16,13,277.89,247.51,4,101,17
2026-01-16,14,470.35,500.04,4,277,54
2026-01-16,15,53.36,55.59,4,116,13
2026-01-16,16,200.45,178.1,4,197,17
2026-01-16,17,147.66,141.56,4,390,40
2026-01-16,18,46.53,40.32,4,457,49
2026-01-16,19,12.71,13.24,4,338,44
2026-01-16,20,387.92,442.92,4,71,7
2026-01-17,1,193.52,202.55,5,335,64
2026-01-17,2,86.45,96.59,5,148,13
2026-01-17,3,304.55,320.15,5,633,45
2026-01-17,4,417.9,460.38,5,260,10
2026-01-17,5,159.08,144.4,5,223,50
2026-01-17,6,309.81,333.98,5,80,16
2026-01-17,7,233.47,222.44,5,548,46
2026-01-17,8,300.28,307.71,5,63,5
2026-01-17,9,41.88,36.21,5,665,85
2026-01-17,10,159.26,152.08,5,133,10
2026-01-17,11,69.8,74.72,5,399,36
2026-01-17,12,136.8,143.99,5,319,39
2026-01-17,13,277.89,247.03,5,203,22
2026-01-17,14,470.35,414.71,5,772,83
2026-01-17,15,53.36,57.87,5,216,18
2026-01-17,16,200.45,215.34,5,302,17
2026-01-17,17,147.66,139.43,5,557,41
2026-01-17,18,46.53,42.01,5,472,62
2026-01-17,19,12.71,11.61,5,349,72
2026-01-17,20,387.92,435.84,5,70,8
2026-01-18,1,193.52,221.63,6,492,51
2026-01-18,2,86.45,88.12,6,117,24
2026-01-18,3,304.55,340.71,6,289,46
2026-01-18,4,417.9,376.37,6,277,20
2026-01-18,5,159.08,167.52,6,298,26
2026-01-18,6,309.81,271.98,6,94,11
2026-01-18,7,233.47,254.18,6,336,35
2026-01-18,8,300.28,273.0,6,55,10
2026-01-18,9,41.88,41.32,6,862,72
2026-01-18,10,159.26,182.75,6,81,12
2026-01-18,11,69.8,79.85,6,526,33
2026-01-18,12,136.8,149.06,6,274,37
2026-01-18,13,277.89,272.06,6,162,17
2026-01-18,14,470.35,531.9,6,847,64
2026-01-18,15,53.36,46.43,6,137,31
2026-01-18,16,200.45,213.75,6,169,23
2026-01-18,17,147.66,142.13,6,430,38
2026-01-18,18,46.53,42.83,6,740,59
2026-01-18,19,12.71,11.21,6,280,81
2026-01-18,20,387.92,425.13,6,162,10
2026-01-19,1,193.52,181.88,0,286,48
2026-01-19,2,86.45,83.29,0,70,17
2026-01-19,3,304.55,274.08,0,547,65
2026-01-19,4,417.9,364.0,0,81,11
2026-01-19,5,159.08,179.54,0,285,27
2026-01-19,6,309.81,329.19,0,138,10
2026-01-19,7,233.47,240.16,0,559,37
2026-01-19,8,300.28,312.0,0,65,2
2026-01-19,9,41.88,46.57,0,351,44
2026-01-19,10,159.26,150.66,0,94,7
2026-01-19,11,69.8,59.75,0,296,45
2026-01-19,12,136.8,116.59,0,321,52
2026-01-19,13,277.89,297.25,0,97,18
2026-01-19,14,470.35,429.54,0,333,62
2026-01-19,15,53.36,52.01,0,104,18
2026-01-19,16,200.45,197.33,0,170,12
2026-01-19,17,147.66,141.4,0,440,36
2026-01-19,18,46.53,47.45,0,700,49
2026-01-19,19,12.71,13.54,0,452,42
2026-01-19,20,387.92,383.73,0,62,8
2026-01-20,1,193.52,200.66,1,452,54
2026-01-20,2,86.45,77.75,1,108,25
2026-01-20,3,304.55,297.14,1,374,50
2026-01-20,4,417.9,428.65,1,88,21
2026-01-20,5,159.08,166.14,1,213,28
2026-01-20,6,309.81,325.93,1,125,9
2026-01-20,7,233.47,218.15,1,367,41
2026-01-20,8,300.28,334.46,1,103,2
2026-01-20,9,41.88,44.14,1,632,43
2026-01-20,10,159.26,173.12,1,104,9
2026-01-20,11,69.8,69.46,1,381,41
2026-01-20,12,136.8,154.72,1,461,33
2026-01-20,13,277.89,303.32,1,179,12
2026-01-20,14,470.35,406.84,1,294,65
2026-01-20,15,53.36,55.68,1,71,20
2026-01-20,16,200.45,178.99,1,88,20
2026-01-20,17,147.66,126.1,1,306,46
2026-01-20,18,46.53,40.56,1,585,50
2026-01-20,19,12.71,12.65,1,270,49
2026-01-20,20,387.92,431.26,1,92,5
2026-01-21,1,193.52,211.16,2,629,44
2026-01-21,2,86.45,76.92,2,125,19
2026-01-21,3,304.55,297.05,2,498,55
2026-01-21,4,417.9,366.59,2,111,22
2026-01-21,5,159.08,169.58,2,172,25
2026-01-21,6,309.81,336.66,2,82,9
2026-01-21,7,233.47,247.51,2,507,27
2026-01-21,8,300.28,328.63,2,101,10
2026-01-21,9,41.88,39.78,2,473,57
2026-01-21,10,159.26,173.31,2,92,6
2026-01-21,11,69.8,65.76,2,146,33
2026-01-21,12,136.8,138.92,2,298,33
2026-01-21,13,277.89,267.66,2,100,12
2026-01-21,14,470.35,506.97,2,319,52
2026-01-21,15,53.36,52.06,2,176,12
2026-01-21,16,200.45,182.71,2,213,16
2026-01-21,17,147.66,139.65,2,413,29
2026-01-21,18,46.53,46.43,2,287,55
2026-01-21,19,12.71,11.83,2,501,44
2026-01-21,20,387.92,335.79,2,51,6
2026-01-22,1,193.52,181.02,3,418,59
2026-01-22,2,86.45,75.49,3,62,12
2026-01-22,3,304.55,344.12,3,419,38
2026-01-22,4,417.9,400.55,3,88,10
2026-01-22,5,159.08,158.48,3,321,37
2026-01-22,6,309.81,313.55,3,62,4
2026-01-22,7,233.47,200.73,3,501,61
2026-01-22,8,300.28,330.56,3,46,4
2026-01-22,9,41.88,40.71,3,709,39
2026-01-22,10,159.26,137.9,3,105,11
2026-01-22,11,69.8,71.09,3,183,25
2026-01-22,12,136.8,140.64,3,247,39
2026-01-22,13,277.89,247.51,3,85,18
2026-01-22,14,470.35,510.25,3,650,52
2026-01-22,15,53.36,49.25,3,185,12
2026-01-22,16,200.45,212.68,3,155,22
2026-01-22,17,147.66,129.51,3,425,39
2026-01-22,18,46.53,45.17,3,272,45
2026-01-22,19,12.71,12.33,3,354,53
2026-01-22,20,387.92,347.59,3,72,7
2026-01-23,1,193.52,171.54,4,710,63
2026-01-23,2,86.45,88.49,4,169,14
2026-01-23,3,304.55,293.46,4,495,51
2026-01-23,4,417.9,463.88,4,202,16
2026-01-23,5,159.08,161.18,4,354,30
2026-01-23,6,309.81,278.84,4,146,16
2026-01-23,7,233.47,230.94,4,271,38
2026-01-23,8,300.28,291.3,4,74,6
2026-01-23,9,41.88,47.84,4,640,39
2026-01-23,10,159.26,165.86,4,79,10
2026-01-23,11,69.8,75.29,4,331,21
2026-01-23,12,136.8,151.89,4,324,22
2026-01-23,13,277.89,315.54,4,109,12
2026-01-23,14,470.35,502.04,4,367,55
2026-01-23,15,53.36,53.13,4,176,12
2026-01-23,16,200.45,193.01,4,149,17
2026-01-23,17,147.66,141.53,4,301,39
2026-01-23,18,46.53,43.42,4,708,51
2026-01-23,19,12.71,13.27,4,220,46
2026-01-23,20,387.92,393.25,4,71,5
2026-01-24,1,193.52,166.68,5,756,76
2026-01-24,2,86.45,79.79,5,194,16
2026-01-24,3,304.55,300.96,5,376,53
2026-01-24,4,417.9,436.82,5,250,14
2026-01-24,5,159.08,148.28,5,550,40
2026-01-24,6,309.81,264.02,5,149,19
2026-01-24,7,233.47,264.64,5,615,28
2026-01-24,8,300.28,276.88,5,89,11
2026-01-24,9,41.88,44.91,5,823,69
2026-01-24,10,159.26,136.7,5,91,14
2026-01-24,11,69.8,71.0,5,440,35
2026-01-24,12,136.8,119.9,5,413,64
2026-01-24,13,277.89,318.79,5,134,18
2026-01-24,14,470.35,461.97,5,798,75
2026-01-24,15,53.36,48.62,5,246,18
2026-01-24,16,200.45,201.18,5,322,11
2026-01-24,17,147.66,163.45,5,342,28
2026-01-24,18,46.53,44.93,5,909,65
2026-01-24,19,12.71,14.57,5,523,36
2026-01-24,20,387.92,380.48,5,71,13
2026-01-25,1,193.52,180.11,6,323,75
2026-01-25,2,86.45,88.92,6,162,9
2026-01-25,3,304.55,335.71,6,717,43
2026-01-25,4,417.9,468.88,6,130,14
2026-01-25,5,159.08,137.18,6,315,39
2026-01-25,6,309.81,351.52,6,112,14
2026-01-25,7,233.47,236.14,6,299,65
2026-01-25,8,300.28,314.51,6,122,9
2026-01-25,9,41.88,43.42,6,316,60
2026-01-25,10,159.26,180.79,6,107,10
2026-01-25,11,69.8,71.97,6,283,37
2026-01-25,12,136.8,155.93,6,285,33
2026-01-25,13,277.89,254.69,6,221,16
2026-01-25,14,470.35,466.75,6,300,80
2026-01-25,15,53.36,46.19,6,230,29
2026-01-25,16,200.45,200.96,6,163,26
2026-01-25,17,147.66,168.95,6,250,27
2026-01-25,18,46.53,50.61,6,441,49
2026-01-25,19,12.71,12.91,6,759,72
2026-01-25,20,387.92,338.51,6,81,11
2026-01-26,1,193.52,175.44,0,623,76
2026-01-26,2,86.45,86.31,0,70,14
2026-01-26,3,304.55,272.06,0,347,54
2026-01-26,4,417.9,428.64,0,74,15
2026-01-26,5,159.08,152.7,0,158,24
2026-01-26,6,309.81,280.42,0,121,9
2026-01-26,7,233.47,247.27,0,427,34
2026-01-26,8,300.28,305.88,0,35,5
2026-01-26,9,41.88,40.25,0,509,60
2026-01-26,10,159.26,167.34,0,85,7
2026-01-26,11,69.8,75.01,0,210,19
2026-01-26,12,136.8,154.07,0,376,29
2026-01-26,13,277.89,266.72,0,174,15
2026-01-26,14,470.35,418.01,0,469,77
2026-01-26,15,53.36,59.28,0,174,6
2026-01-26,16,200.45,214.01,0,105,14
2026-01-26,17,147.66,149.47,0,387,26
2026-01-26,18,46.53,49.22,0,521,45
2026-01-26,19,12.71,11.33,0,486,52
2026-01-26,20,387.92,369.07,0,117,11
2026-01-27,1,193.52,214.37,1,281,53
2026-01-27,2,86.45,78.11,1,88,16
2026-01-27,3,304.55,288.15,1,234,46
2026-01-27,4,417.9,410.61,1,123,16
2026-01-27,5,159.08,170.74,1,186,17
2026-01-27,6,309.81,338.41,1,84,8
2026-01-27,7,233.47,259.0,1,326,36
2026-01-27,8,300.28,288.81,1,60,7
2026-01-27,9,41.88,43.91,1,408,59
2026-01-27,10,159.26,162.66,1,117,13
2026-01-27,11,69.8,61.2,1,255,38
2026-01-27,12,136.8,147.98,1,200,36
2026-01-27,13,277.89,285.9,1,78,13
2026-01-27,14,470.35,535.48,1,591,44
2026-01-27,15,53.36,60.3,1,116,6
2026-01-27,16,200.45,177.19,1,184,23
2026-01-27,17,147.66,169.57,1,346,23
2026-01-27,18,46.53,47.34,1,397,32
2026-01-27,19,12.71,12.51,1,557,42
2026-01-27,20,387.92,348.33,1,55,10
2026-01-28,1,193.52,189.45,2,376,56
2026-01-28,2,86.45,99.14,2,66,15
2026-01-28,3,304.55,346.72,2,299,23
2026-01-28,4,417.9,362.37,2,88,13
2026-01-28,5,159.08,155.89,2,371,31
2026-01-28,6,309.81,294.35,2,92,15
2026-01-28,7,233.47,199.35,2,522,56
2026-01-28,8,300.28,276.46,2,101,9
2026-01-28,9,41.88,44.09,2,431,66
2026-01-28,10,159.26,159.81,2,133,8
2026-01-28,11,69.8,61.12,2,384,37
2026-01-28,12,136.8,134.7,2,382,25
2026-01-28,13,277.89,313.86,2,187,17
2026-01-28,14,470.35,445.94,2,510,60
2026-01-28,15,53.36,59.91,2,201,8
2026-01-28,16,200.45,207.67,2,144,21
2026-01-28,17,147.66,134.05,2,203,46
2026-01-28,18,46.53,50.26,2,348,37
2026-01-28,19,12.71,14.4,2,596,34
2026-01-28,20,387.92,347.12,2,84,8
2026-01-29,1,193.52,188.98,3,348,44
2026-01-29,2,86.45,90.17,3,91,5
2026-01-29,3,304.55,332.13,3,498,35
2026-01-29,4,417.9,477.8,3,101,8
2026-01-29,5,159.08,145.25,3,304,32
2026-01-29,6,309.81,300.8,3,129,13
2026-01-29,7,233.47,220.91,3,239,44
2026-01-29,8,300.28,340.61,3,69,7
2026-01-29,9,41.88,42.71,3,602,44
2026-01-29,10,159.26,177.54,3,48,6
2026-01-29,11,69.8,73.51,3,328,41
2026-01-29,12,136.8,132.69,3,506,40
2026-01-29,13,277.89,246.75,3,178,14
2026-01-29,14,470.35,466.24,3,316,56
2026-01-29,15,53.36,51.97,3,144,13
2026-01-29,16,200.45,220.17,3,218,5
2026-01-29,17,147.66,149.28,3,422,29
2026-01-29,18,46.53,46.12,3,324,38
2026-01-29,19,12.71,11.12,3,595,54
2026-01-29,20,387.92,435.82,3,70,4
2026-01-30,1,193.52,184.85,4,418,53
2026-01-30,2,86.45,79.74,4,85,13
2026-01-30,3,304.55,284.42,4,254,52
2026-01-30,4,417.9,385.47,4,84,13
2026-01-30,5,159.08,161.5,4,376,27
2026-01-30,6,309.81,267.06,4,167,13
2026-01-30,7,233.47,245.15,4,316,38
2026-01-30,8,300.28,295.39,4,94,7
2026-01-30,9,41.88,47.31,4,421,55
2026-01-30,10,159.26,145.18,4,92,15
2026-01-30,11,69.8,78.8,4,268,23
2026-01-30,12,136.8,149.22,4,260,41
2026-01-30,13,277.89,292.65,4,170,9
2026-01-30,14,470.35,404.64,4,451,55
2026-01-30,15,53.36,51.2,4,128,16
2026-01-30,16,200.45,200.67,4,117,17
2026-01-30,17,147.66,150.17,4,364,29
2026-01-30,18,46.53,45.59,4,486,47
2026-01-30,19,12.71,13.29,4,466,39
2026-01-30,20,387.92,340.32,4,118,8
2026-01-31,1,193.52,176.19,5,906,74
2026-01-31,2,86.45,75.22,5,82,21
2026-01-31,3,304.55,296.86,5,584,74
2026-01-31,4,417.9,379.19,5,192,12
2026-01-31,5,159.08,162.51,5,523,25
2026-01-31,6,309.81,345.08,5,133,11
2026-01-31,7,233.47,217.93,5,432,77
2026-01-31,8,300.28,296.76,5,107,9
2026-01-31,9,41.88,38.92,5,888,78
2026-01-31,10,159.26,145.84,5,115,14
2026-01-31,11,69.8,61.51,5,518,67
2026-01-31,12,136.8,150.05,5,460,38
2026-01-31,13,277.89,284.64,5,212,18
2026-01-31,14,470.35,498.48,5,712,63
2026-01-31,15,53.36,49.23,5,176,27
2026-01-31,16,200.45,215.47,5,133,24
2026-01-31,17,147.66,147.72,5,280,41
2026-01-31,18,46.53,50.32,5,467,65
2026-01-31,19,12.71,12.25,5,543,64
2026-01-31,20,387.92,386.34,5,108,10
2026-02-01,1,193.52,218.72,6,424,51
2026-02-01,2,86.45,83.42,6,202,19
2026-02-01,3,304.55,283.28,6,483,58
2026-02-01,4,417.9,426.14,6,229,24
2026-02-01,5,159.08,141.5,6,298,49
2026-02-01,6,309.81,351.39,6,135,9
2026-02-01,7,233.47,241.4,6,717,52
2026-02-01,8,300.28,329.06,6,129,4
2026-02-01,9,41.88,46.43,6,411,79
2026-02-01,10,159.26,178.56,6,100,11
2026-02-01,11,69.8,60.25,6,432,58
2026-02-01,12,136.8,124.1,6,529,42
2026-02-01,13,277.89,268.4,6,170,18
2026-02-01,14,470.35,535.82,6,671,68
2026-02-01,15,53.36,46.87,6,226,24
2026-02-01,16,200.45,173.61,6,143,26
2026-02-01,17,147.66,147.84,6,399,50
2026-02-01,18,46.53,40.64,6,389,64
2026-02-01,19,12.71,14.53,6,356,51
2026-02-01,20,387.92,404.14,6,68,8
2026-02-02,1,193.52,220.63,0,490,39
2026-02-02,2,86.45,75.2,0,179,18
2026-02-02,3,304.55,281.34,0,380,53
2026-02-02,4,417.9,363.74,0,100,13
2026-02-02,5,159.08,144.24,0,307,26
2026-02-02,6,309.81,350.91,0,114,7
2026-02-02,7,233.47,247.05,0,399,36
2026-02-02,8,300.28,296.22,0,68,6
2026-02-02,9,41.88,45.15,0,708,67
2026-02-02,10,159.26,177.19,0,113,11
2026-02-02,11,69.8,71.98,0,169,20
2026-02-02,12,136.8,132.81,0,379,27
2026-02-02,13,277.89,250.78,0,198,16
2026-02-02,14,470.35,445.72,0,269,55
2026-02-02,15,53.36,45.75,0,181,19
2026-02-02,16,200.45,174.09,0,114,15
2026-02-02,17,147.66,156.1,0,315,28
2026-02-02,18,46.53,42.58,0,577,69
2026-02-02,19,12.71,13.08,0,385,43
2026-02-02,20,387.92,425.76,0,82,4
2026-02-03,1,193.52,175.89,1,568,52
2026-02-03,2,86.45,85.65,1,104,8
2026-02-03,3,304.55,319.51,1,429,35
2026-02-03,4,417.9,379.46,1,103,12
2026-02-03,5,159.08,148.56,1,179,32
2026-02-03,6,309.81,275.81,1,129,11
2026-02-03,7,233.47,237.5,1,304,42
2026-02-03,8,300.28,303.56,1,66,7
2026-02-03,9,41.88,41.62,1,413,66
2026-02-03,10,159.26,153.21,1,83,11
2026-02-03,11,69.8,77.58,1,258,22
2026-02-03,12,136.8,134.32,1,346,35
2026-02-03,13,277.89,271.29,1,194,16
2026-02-03,14,470.35,415.23,1,406,58
2026-02-03,15,53.36,59.14,1,79,7
2026-02-03,16,200.45,203.03,1,229,11
2026-02-03,17,147.66,150.17,1,425,30
2026-02-03,18,46.53,48.02,1,706,44
2026-02-03,19,12.71,11.89,1,308,55
2026-02-03,20,387.92,372.72,1,83,8
2026-02-04,1,193.52,171.42,2,346,56
2026-02-04,2,86.45,91.67,2,154,10
2026-02-04,3,304.55,294.83,2,255,34
2026-02-04,4,417.9,479.23,2,97,11
2026-02-04,5,159.08,159.46,2,294,31
2026-02-04,6,309.81,325.03,2,69,9
2026-02-04,7,233.47,250.73,2,205,28
2026-02-04,8,300.28,319.6,2,100,3
2026-02-04,9,41.88,37.1,2,493,61
2026-02-04,10,159.26,170.28,2,96,7
2026-02-04,11,69.8,59.58,2,408,42
2026-02-04,12,136.8,123.53,2,376,53
2026-02-04,13,277.89,292.08,2,91,16
2026-02-04,14,470.35,429.6,2,368,57
2026-02-04,15,53.36,52.54,2,113,13
2026-02-04,16,200.45,204.41,2,113,18
2026-02-04,17,147.66,154.33,2,408,29
2026-02-04,18,46.53,50.03,2,488,42
2026-02-04,19,12.71,14.55,2,486,24
2026-02-04,20,387.92,402.27,2,46,4
2026-02-05,1,193.52,174.06,3,568,56
2026-02-05,2,86.45,81.77,3,131,8
2026-02-05,3,304.55,265.56,3,483,67
2026-02-05,4,417.9,445.02,3,170,11
2026-02-05,5,159.08,137.05,3,320,39
2026-02-05,6,309.81,296.56,3,87,13
2026-02-05,7,233.47,259.46,3,339,37
2026-02-05,8,300.28,334.77,3,72,5
2026-02-05,9,41.88,47.37,3,491,52
2026-02-05,10,159.26,139.85,3,119,13
2026-02-05,11,69.8,65.74,3,365,26
2026-02-05,12,136.8,126.82,3,380,53
2026-02-05,13,277.89,270.75,3,158,13
2026-02-05,14,470.35,540.44,3,566,47
2026-02-05,15,53.36,46.14,3,73,19
2026-02-05,16,200.45,202.7,3,230,13
2026-02-05,17,147.66,128.72,3,427,39
2026-02-05,18,46.53,45.5,3,733,45
2026-02-05,19,12.71,10.82,3,520,66
2026-02-05,20,387.92,340.92,3,77,4
2026-02-06,1,193.52,211.53,4,280,48
2026-02-06,2,86.45,78.89,4,140,10
2026-02-06,3,304.55,273.84,4,455,52
2026-02-06,4,417.9,430.36,4,97,15
2026-02-06,5,159.08,166.83,4,188,27
2026-02-06,6,309.81,302.87,4,84,14
2026-02-06,7,233.47,260.21,4,561,27
2026-02-06,8,300.28,263.14,4,63,9
2026-02-06,9,41.88,39.67,4,397,56
2026-02-06,10,159.26,136.84,4,129,11
2026-02-06,11,69.8,78.68,4,143,25
2026-02-06,12,136.8,125.28,4,323,44
2026-02-06,13,277.89,236.26,4,191,12
2026-02-06,14,470.35,436.98,4,243,54
2026-02-06,15,53.36,47.07,4,168,22
2026-02-06,16,200.45,171.64,4,124,10
2026-02-06,17,147.66,144.62,4,214,35
2026-02-06,18,46.53,52.68,4,694,40
2026-02-06,19,12.71,12.25,4,380,52
2026-02-06,20,387.92,429.44,4,120,4
2026-02-07,1,193.52,176.47,5,855,61
2026-02-07,2,86.45,89.19,5,186,15
2026-02-07,3,304.55,310.79,5,450,40
2026-02-07,4,417.9,458.11,5,210,18
2026-02-07,5,159.08,140.87,5,191,38
2026-02-07,6,309.81,336.79,5,116,12
2026-02-07,7,233.47,227.21,5,383,46
2026-02-07,8,300.28,260.23,5,64,6
2026-02-07,9,41.88,35.7,5,830,89
2026-02-07,10,159.26,161.34,5,140,10
2026-02-07,11,69.8,60.27,5,196,58
2026-02-07,12,136.8,152.72,5,273,44
2026-02-07,13,277.89,269.06,5,141,18
2026-02-07,14,470.35,470.86,5,765,67
2026-02-07,15,53.36,58.94,5,216,13
2026-02-07,16,200.45,223.6,5,240,15
2026-02-07,17,147.66,161.09,5,208,41
2026-02-07,18,46.53,46.42,5,886,55
2026-02-07,19,12.71,10.99,5,272,63
2026-02-07,20,387.92,343.85,5,66,10
2026-02-08,1,193.52,205.84,6,421,55
2026-02-08,2,86.45,95.88,6,198,10
2026-02-08,3,304.55,329.15,6,525,44
2026-02-08,4,417.9,370.49,6,191,22
2026-02-08,5,159.08,157.9,6,321,37
2026-02-08,6,309.81,278.57,6,129,12
2026-02-08,7,233.47,249.5,6,750,33
2026-02-08,8,300.28,260.39,6,128,7
2026-02-08,9,41.88,41.48,6,681,73
2026-02-08,10,159.26,178.65,6,124,13
2026-02-08,11,69.8,74.18,6,248,30
2026-02-08,12,136.8,125.3,6,424,60
2026-02-08,13,277.89,273.99,6,223,24
2026-02-08,14,470.35,432.03,6,455,72
2026-02-08,15,53.36,49.73,6,127,19
2026-02-08,16,200.45,176.67,6,273,26
2026-02-08,17,147.66,166.38,6,408,30
2026-02-08,18,46.53,43.14,6,766,59
2026-02-08,19,12.71,11.64,6,638,72
2026-02-08,20,387.92,401.62,6,103,13
2026-02-09,1,193.52,170.84,0,618,45
2026-02-09,2,86.45,95.66,0,101,8
2026-02-09,3,304.55,323.28,0,350,28
2026-02-09,4,417.9,359.12,0,199,12
2026-02-09,5,159.08,143.6,0,417,34
2026-02-09,6,309.81,300.29,0,94,8
2026-02-09,7,233.47,237.1,0,456,36
2026-02-09,8,300.28,306.65,0,66,9
2026-02-09,9,41.88,37.38,0,340,46
2026-02-09,10,159.26,166.94,0,136,10
2026-02-09,11,69.8,68.56,0,295,31
2026-02-09,12,136.8,149.16,0,384,24
2026-02-09,13,277.89,298.09,0,169,14
2026-02-09,14,470.35,537.2,0,526,43
2026-02-09,15,53.36,57.06,0,102,7
2026-02-09,16,200.45,187.82,0,194,11
2026-02-09,17,147.66,138.06,0,147,46
2026-02-09,18,46.53,50.42,0,547,44
2026-02-09,19,12.71,12.31,0,610,48
2026-02-09,20,387.92,343.73,0,100,7
2026-02-10,1,193.52,195.51,1,632,39
2026-02-10,2,86.45,94.1,1,81,13
2026-02-10,3,304.55,295.62,1,473,65
2026-02-10,4,417.9,407.95,1,142,12
2026-02-10,5,159.08,137.71,1,339,32
2026-02-10,6,309.81,339.18,1,146,7
2026-02-10,7,233.47,198.93,1,263,52
2026-02-10,8,300.28,276.95,1,101,7
2026-02-10,9,41.88,44.1,1,376,54
2026-02-10,10,159.26,144.51,1,85,16
2026-02-10,11,69.8,73.23,1,206,21
2026-02-10,12,136.8,128.82,1,228,32
2026-02-10,13,277.89,237.53,1,140,15
2026-02-10,14,470.35,479.22,1,368,47
2026-02-10,15,53.36,59.3,1,95,9
2026-02-10,16,200.45,218.31,1,187,9
2026-02-10,17,147.66,156.64,1,380,31
2026-02-10,18,46.53,49.46,1,581,38
2026-02-10,19,12.71,11.62,1,454,62
2026-02-10,20,387.92,436.97,1,123,2
2026-02-11,1,193.52,214.42,2,359,51
2026-02-11,2,86.45,78.24,2,151,16
2026-02-11,3,304.55,322.46,2,310,29
2026-02-11,4,417.9,429.05,2,148,15
2026-02-11,5,159.08,155.38,2,256,24
2026-02-11,6,309.81,342.09,2,106,5
2026-02-11,7,233.47,211.72,2,512,58
2026-02-11,8,300.28,313.29,2,37,5
2026-02-11,9,41.88,38.12,2,323,53
2026-02-11,10,159.26,159.67,2,91,9
2026-02-11,11,69.8,73.91,2,192,27
2026-02-11,12,136.8,150.15,2,217,29
2026-02-11,13,277.89,287.85,2,173,14
2026-02-11,14,470.35,465.06,2,652,53
2026-02-11,15,53.36,57.92,2,182,11
2026-02-11,16,200.45,198.51,2,252,18
2026-02-11,17,147.66,127.69,2,397,46
2026-02-11,18,46.53,43.98,2,386,46
2026-02-11,19,12.71,11.4,2,547,42
2026-02-11,20,387.92,382.5,2,84,7
2026-02-12,1,193.52,207.66,3,516,44
2026-02-12,2,86.45,79.36,3,129,16
2026-02-12,3,304.55,274.46,3,428,66
2026-02-12,4,417.9,416.83,3,214,11
2026-02-12,5,159.08,139.52,3,316,36
2026-02-12,6,309.81,328.78,3,122,9
2026-02-12,7,233.47,215.37,3,407,46
2026-02-12,8,300.28,343.58,3,60,2
2026-02-12,9,41.88,45.34,3,510,57
2026-02-12,10,159.26,162.69,3,70,3
2026-02-12,11,69.8,61.78,3,405,39
2026-02-12,12,136.8,124.45,3,378,59
2026-02-12,13,277.89,273.73,3,69,17
2026-02-12,14,470.35,437.91,3,319,62
2026-02-12,15,53.36,48.23,3,164,17
2026-02-12,16,200.45,177.45,3,221,20
2026-02-12,17,147.66,156.29,3,277,40
2026-02-12,18,46.53,48.52,3,435,57
2026-02-12,19,12.71,14.47,3,584,35
2026-02-12,20,387.92,445.6,3,62,3
2026-02-13,1,193.52,177.28,4,373,53
2026-02-13,2,86.45,96.13,4,144,5
2026-02-13,3,304.55,318.59,4,536,43
2026-02-13,4,417.9,366.68,4,147,13
2026-02-13,5,159.08,173.89,4,181,22
2026-02-13,6,309.81,280.61,4,166,9
2026-02-13,7,233.47,228.19,4,326,35
2026-02-13,8,300.28,255.28,4,77,10
2026-02-13,9,41.88,46.22,4,454,49
2026-02-13,10,159.26,155.74,4,97,6
2026-02-13,11,69.8,70.99,4,351,31
2026-02-13,12,136.8,121.87,4,483,43
2026-02-13,13,277.89,285.05,4,156,18
2026-02-13,14,470.35,455.97,4,458,62
2026-02-13,15,53.36,51.57,4,82,20
2026-02-13,16,200.45,209.36,4,157,14
2026-02-13,17,147.66,128.48,4,321,48
2026-02-13,18,46.53,46.32,4,514,43
2026-02-13,19,12.71,12.3,4,370,43
2026-02-13,20,387.92,429.94,4,47,3
2026-02-14,1,193.52,180.17,5,787,81
2026-02-14,2,86.45,85.5,5,151,24
2026-02-14,3,304.55,305.74,5,561,65
2026-02-14,4,417.9,405.72,5,266,21
2026-02-14,5,159.08,160.49,5,315,34
2026-02-14,6,309.81,302.22,5,177,19
2026-02-14,7,233.47,230.08,5,476,58
2026-02-14,8,300.28,312.92,5,126,8
2026-02-14,9,41.88,37.62,5,927,65
2026-02-14,10,159.26,175.91,5,63,12
2026-02-14,11,69.8,77.39,5,277,35
2026-02-14,12,136.8,125.37,5,242,52
2026-02-14,13,277.89,303.65,5,225,18
2026-02-14,14,470.35,485.07,5,780,64
2026-02-14,15,53.36,49.6,5,186,19
2026-02-14,16,200.45,175.86,5,272,19
2026-02-14,17,147.66,143.79,5,278,47
2026-02-14,18,46.53,45.82,5,666,50
2026-02-14,19,12.71,14.16,5,506,51
2026-02-14,20,387.92,387.69,5,114,9
2026-02-15,1,193.52,183.39,6,399,73
2026-02-15,2,86.45,77.21,6,79,28
2026-02-15,3,304.55,314.25,6,401,54
2026-02-15,4,417.9,366.11,6,136,17
2026-02-15,5,159.08,166.63,6,284,33
2026-02-15,6,309.81,316.63,6,209,17
2026-02-15,7,233.47,215.07,6,399,63
2026-02-15,8,300.28,300.57,6,52,13
2026-02-15,9,41.88,40.47,6,846,77
2026-02-15,10,159.26,145.63,6,104,11
2026-02-15,11,69.8,74.89,6,266,34
2026-02-15,12,136.8,156.59,6,403,25
2026-02-15,13,277.89,285.45,6,190,18
2026-02-15,14,470.35,407.41,6,598,83
2026-02-15,15,53.36,47.02,6,112,15
2026-02-15,16,200.45,182.2,6,168,29
2026-02-15,17,147.66,140.02,6,271,48
2026-02-15,18,46.53,48.92,6,657,65
2026-02-15,19,12.71,13.87,6,700,44
2026-02-15,20,387.92,349.54,6,81,8
2026-02-16,1,193.52,188.38,0,691,45
2026-02-16,2,86.45,82.27,0,77,20
2026-02-16,3,304.55,319.06,0,393,38
2026-02-16,4,417.9,447.01,0,85,4
2026-02-16,5,159.08,169.42,0,268,22
2026-02-16,6,309.81,310.44,0,70,10
2026-02-16,7,233.47,216.54,0,395,55
2026-02-16,8,300.28,324.41,0,38,4
2026-02-16,9,41.88,43.82,0,576,54
2026-02-16,10,159.26,162.94,0,79,7
2026-02-16,11,69.8,67.53,0,207,32
2026-02-16,12,136.8,145.85,0,352,43
2026-02-16,13,277.89,278.14,0,144,21
2026-02-16,14,470.35,480.73,0,612,46
2026-02-16,15,53.36,45.66,0,170,27
2026-02-16,16,200.45,196.79,0,93,23
2026-02-16,17,147.66,126.79,0,350,46
2026-02-16,18,46.53,42.54,0,278,49
2026-02-16,19,12.71,12.73,0,549,54
2026-02-16,20,387.92,331.22,0,99,7
2026-02-17,1,193.52,218.18,1,292,33
2026-02-17,2,86.45,83.17,1,85,16
2026-02-17,3,304.55,261.99,1,302,71
2026-02-17,4,417.9,446.09,1,174,9
2026-02-17,5,159.08,148.22,1,381,26
2026-02-17,6,309.81,270.32,1,162,12
2026-02-17,7,233.47,253.12,1,506,36
2026-02-17,8,300.28,312.72,1,80,7
2026-02-17,9,41.88,42.05,1,634,52
2026-02-17,10,159.26,160.55,1,50,9
2026-02-17,11,69.8,62.92,1,318,43
2026-02-17,12,136.8,119.89,1,485,43
2026-02-17,13,277.89,274.75,1,118,12
2026-02-17,14,470.35,438.54,1,599,54
2026-02-17,15,53.36,55.68,1,186,9
2026-02-17,16,200.45,197.48,1,88,17
2026-02-17,17,147.66,151.73,1,363,32
2026-02-17,18,46.53,41.18,1,541,44
2026-02-17,19,12.71,12.44,1,439,43
2026-02-17,20,387.92,404.65,1,69,5
2026-02-18,1,193.52,186.33,2,689,59
2026-02-18,2,86.45,80.02,2,84,14
2026-02-18,3,304.55,285.91,2,374,41
2026-02-18,4,417.9,469.75,2,149,10
2026-02-18,5,159.08,137.71,2,215,23
2026-02-18,6,309.81,338.89,2,60,11
2026-02-18,7,233.47,248.2,2,348,42
2026-02-18,8,300.28,320.06,2,43,6
2026-02-18,9,41.88,41.32,2,252,52
2026-02-18,10,159.26,180.91,2,95,8
2026-02-18,11,69.8,63.54,2,388,38
2026-02-18,12,136.8,135.34,2,262,36
2026-02-18,13,277.89,247.19,2,184,19
2026-02-18,14,470.35,472.77,2,393,58
2026-02-18,15,53.36,57.58,2,168,7
2026-02-18,16,200.45,198.64,2,142,20
2026-02-18,17,147.66,131.63,2,264,45
2026-02-18,18,46.53,40.54,2,488,54
2026-02-18,19,12.71,14.12,2,328,38
2026-02-18,20,387.92,421.9,2,68,5
2026-02-19,1,193.52,206.15,3,689,47
2026-02-19,2,86.45,85.44,3,99,14
2026-02-19,3,304.55,348.95,3,530,31
2026-02-19,4,417.9,467.43,3,129,18
2026-02-19,5,159.08,163.9,3,346,36
2026-02-19,6,309.81,332.68,3,115,12
2026-02-19,7,233.47,223.33,3,365,43
2026-02-19,8,300.28,304.2,3,70,3
2026-02-19,9,41.88,47.31,3,527,53
2026-02-19,10,159.26,178.8,3,106,10
2026-02-19,11,69.8,60.92,3,211,38
2026-02-19,12,136.8,149.03,3,370,28
2026-02-19,13,277.89,292.57,3,160,17
2026-02-19,14,470.35,399.81,3,658,73
2026-02-19,15,53.36,46.85,3,171,17
2026-02-19,16,200.45,199.03,3,246,9
2026-02-19,17,147.66,155.94,3,380,30
2026-02-19,18,46.53,52.7,3,278,37
2026-02-19,19,12.71,12.06,3,432,59
2026-02-19,20,387.92,344.57,3,49,13
2026-02-20,1,193.52,185.81,4,247,41
2026-02-20,2,86.45,91.38,4,100,14
2026-02-20,3,304.55,323.18,4,365,48
2026-02-20,4,417.9,411.66,4,101,11
2026-02-20,5,159.08,165.45,4,214,22
2026-02-20,6,309.81,293.75,4,83,8
2026-02-20,7,233.47,207.54,4,384,52
2026-02-20,8,300.28,312.29,4,92,3
2026-02-20,9,41.88,39.23,4,386,56
2026-02-20,10,159.26,153.58,4,114,5
2026-02-20,11,69.8,79.07,4,333,27
2026-02-20,12,136.8,149.95,4,314,25
2026-02-20,13,277.89,281.96,4,138,9
2026-02-20,14,470.35,469.66,4,609,53
2026-02-20,15,53.36,47.58,4,103,20
2026-02-20,16,200.45,191.51,4,131,15
2026-02-20,17,147.66,141.8,4,310,27
2026-02-20,18,46.53,44.71,4,567,50
2026-02-20,19,12.71,14.17,4,465,39
2026-02-20,20,387.92,439.4,4,104,8
2026-02-21,1,193.52,201.23,5,916,57
2026-02-21,2,86.45,90.96,5,162,10
2026-02-21,3,304.55,338.94,5,336,32
2026-02-21,4,417.9,459.96,5,125,18
2026-02-21,5,159.08,160.04,5,494,32
2026-02-21,6,309.81,289.81,5,147,16
2026-02-21,7,233.47,253.88,5,566,50
2026-02-21,8,300.28,259.75,5,126,6
2026-02-21,9,41.88,39.37,5,668,69
2026-02-21,10,159.26,177.25,5,172,8
2026-02-21,11,69.8,70.83,5,513,44
2026-02-21,12,136.8,116.61,5,230,61
2026-02-21,13,277.89,238.09,5,205,18
2026-02-21,14,470.35,442.26,5,392,72
2026-02-21,15,53.36,53.92,5,125,16
2026-02-21,16,200.45,210.73,5,280,14
2026-02-21,17,147.66,128.65,5,420,53
2026-02-21,18,46.53,46.77,5,914,57
2026-02-21,19,12.71,12.33,5,785,68
2026-02-21,20,387.92,427.98,5,100,8
2026-02-22,1,193.52,164.55,6,754,67
2026-02-22,2,86.45,79.64,6,137,21
2026-02-22,3,304.55,347.54,6,582,38
2026-02-22,4,417.9,411.45,6,213,12
2026-02-22,5,159.08,176.23,6,281,27
2026-02-22,6,309.81,324.97,6,123,15
2026-02-22,7,233.47,249.98,6,517,46
2026-02-22,8,300.28,297.13,6,109,9
2026-02-22,9,41.88,43.31,6,808,81
2026-02-22,10,159.26,135.64,6,83,8
2026-02-22,11,69.8,69.83,6,192,38
2026-02-22,12,136.8,142.84,6,436,42
2026-02-22,13,277.89,315.9,6,123,18
2026-02-22,14,470.35,478.38,6,840,64
2026-02-22,15,53.36,46.77,6,199,20
2026-02-22,16,200.45,203.13,6,230,13
2026-02-22,17,147.66,153.14,6,263,39
2026-02-22,18,46.53,46.94,6,575,52
2026-02-22,19,12.71,14.38,6,635,39
2026-02-22,20,387.92,433.41,6,64,10
2026-02-23,1,193.52,198.93,0,328,45
2026-02-23,2,86.45,85.65,0,100,8
2026-02-23,3,304.55,261.92,0,357,82
2026-02-23,4,417.9,473.84,0,179,12
2026-02-23,5,159.08,164.85,0,398,25
2026-02-23,6,309.81,300.71,0,67,5
2026-02-23,7,233.47,225.08,0,337,48
2026-02-23,8,300.28,259.82,0,51,6
2026-02-23,9,41.88,40.7,0,408,61
2026-02-23,10,159.26,141.48,0,116,9
2026-02-23,11,69.8,67.19,0,272,32
2026-02-23,12,136.8,132.64,0,180,42
2026-02-23,13,277.89,239.87,0,153,16
2026-02-23,14,470.35,503.83,0,543,43
2026-02-23,15,53.36,47.03,0,204,13
2026-02-23,16,200.45,174.68,0,153,21
2026-02-23,17,147.66,140.14,0,322,45
2026-02-23,18,46.53,44.93,0,325,49
2026-02-23,19,12.71,13.33,0,327,43
2026-02-23,20,387.92,345.11,0,73,8
